studentID,roll no,name,mobileno
123,1,sakshi,7078765655
101,6,sakshi,756735789,67,89,90,246,24.6
123,4,sakshi,567890876,56,78,98,232,77.33333333333333,pass
102,7,skkjhdh,35675275,12,67,78,157,52.333333333333336,fail
102,2,kjdjk,87627536,90,90,100,280,93.33333333333333,pass
